{"list": [{"posX": [3.0, -3.200000047683716, -0.20000000298023224, 2.9700000286102295, -3.174000024795532, 0.20000000298023224, 2.010999917984009, -2.2853899002075195, -2.2567598819732666, 1.9800000190734863, 0.16503700613975525, 2.010999917984009, -2.280050039291382, -1.7999999523162842, 1.600000023841858, 1.8350000381469729, -2.0299999713897705, -2.0, -2.0, 3.799000024795532, 3.5999999046325684, 3.799999952316284, 3.799999952316284, 5.684999942779541, 5.684999942779541, -0.00000025704500217216264, 1.600000023841858, -1.7999999523162842, 5.684999942779541, 1.7999999523162842, -1.7999999523162842, -2.0, 5.684999942779541, 1.7990000247955322, 1.7990000247955322, 1.7979999780654907, 1.7979999780654907, 3.799000024795532, 1.7999999523162842, 1.7999999523162842, -1.7999999523162842, 1.600000023841858, 3.799999952316284, -1.9989999532699585, -1.9989999532699585, 0.0000005066390258434694, 3.5999999046325684, 5.684999942779541, 5.684999942779541, 5.684999942779541, 5.684999942779541, 1.600000023841858, -1.7999999523162842, 3.813460111618042, 1.600000023841858, 1.600000023841858, -1.7999999523162842, -0.33869999647140503, -4.0, -5.0, 3.799999952316284, 3.8010001182556152, 4.800000190734863, 4.800000190734863, 4.800000190734863, -4.199999809265137, -4.199999809265137, -4.198999881744385, -4.198999881744385, -4.201000213623047, -4.201000213623047, -4.203000068664551, 3.802880048751831, 3.5999999046325684, 3.5999999046325684, 3.5999999046325684, 3.5999999046325684, 3.802000045776367, 3.803339958190918, 3.802000045776367, 4.800000190734863, 4.800000190734863, 4.800000190734863, 4.801000118255615, 4.801000118255615, 4.801000118255615, 4.801000118255615, 4.801000118255615, 4.801000118255615, 4.220799922943115, -4.203000068664551, -4.203000068664551, 1.9014899730682373, -0.02643669955432415, 1.559999942779541, 1.8630000352859497, 2.5829999446868896, 1.8229999542236328, 3.799999952316284, 4.001669883728027, -3.9089701175689697, -3.799999952316284, 2.200000047683716, 3.5999999046325684, 3.0, 0.25930100679397583, 0.08086980134248734, 0.046682100743055344, 3.700000047683716, 3.75, -1.7990000247955322, -1.7990000247955322, 1.599179983139038, 1.5991899967193604, -1.7997499704360962, 1.5966399908065796], "posY": [0.000000007450580152834618, 0.0, 2.75, 0.0, 0.0, 2.7179999351501465, 0.8180000185966492, 0.8180000185966492, -0.000000007450580152834618, 0.0, -2.928999900817871, -2.2200000286102295, -2.2200000286102295, 2.9649999141693115, 0.0, 3.515000104904175, 3.515000104904175, 3.515000104904175, 3.515000104904175, 3.755000114440918, 3.515000104904175, 3.515000104904175, 3.515000104904175, 2.9660000801086426, 0.0, 3.515000104904175, 2.9660000801086426, 2.9649999141693115, 0.000000007450580152834618, 3.755000114440918, -2.1649999618530273, 3.755000114440918, 2.9660000801086426, 3.515000104904175, 3.515000104904175, 3.755000114440918, 3.755000114440918, 3.755000114440918, 3.755000114440918, 3.755000114440918, 0.000000014901200273698123, 2.9649999141693115, 3.515000104904175, 3.755000114440918, 3.755000114440918, 3.755000114440918, 3.755000114440918, 2.9660000801086426, 0.0, 0.0, 2.9660000801086426, 0.0, 0.0, -1.5299999713897705, -2.1649999618530273, -2.1649999618530273, -2.1649999618530273, -2.183000087738037, 3.515000104904175, 3.755000114440918, -1.031999945640564, -1.031999945640564, 0.5049999952316284, 1.1109999418258667, 3.3329999446868896, 3.515000104904175, 3.515000104904175, 3.755000114440918, 3.755000114440918, 0.5099999904632568, 0.5199999809265137, -1.9220000505447388, 0.8080000281333923, -2.1649999618530273, -2.1649999618530273, -2.1649999618530273, -2.1649999618530273, 2.0950000286102295, 0.656000018119812, -0.9089999794960022, -1.1610000133514404, -0.8080000281333923, 2.9590001106262207, -0.699999988079071, 2.878999948501587, -1.0800000429153442, 0.019999999552965164, 0.28999999165534973, 3.242000102996826, -1.6150000095367432, 1.0, 0.5400000214576721, 2.9679999351501465, 2.931999921798706, 2.930999994277954, 3.4800000190734863, 2.940000057220459, -2.174999952316284, -2.1649999618530273, -0.9089999794960022, 3.507999897003174, 3.755000114440918, -2.1649999618530273, -2.1649999618530273, -2.1649999618530273, -2.921999931335449, -2.575000047683716, 0.0, 4.289999961853027, 4.289999961853027, -2.4000000953674316, -2.4000000953674316, -2.4000000953674316, -2.4000000953674316, 0.8370000123977661, 0.8370000123977661], "posZ": [5.0, 5.0, 5.0, 5.000999927520752, 5.000999927520752, 5.000999927520752, 5.23799991607666, 5.244929790496826, 5.252769947052002, 5.251999855041504, 5.247330188751221, 5.250830173492432, 5.249350070953369, 5.284999847412109, 5.284999847412109, 3.4000000953674316, 3.4000000953674316, 1.399999976158142, -2.4000000953674316, 1.399999976158142, -3.5999999046325684, 3.200000047683716, -3.4000000953674316, 1.2000000476837158, 3.200000047683716, -3.5999999046325684, -5.485000133514404, -5.482999801635742, -3.4000000953674316, 3.3989999294281006, 1.399999976158142, 3.3989999294281006, -1.399999976158142, 1.4010000228881836, -1.600000023841858, -2.200000047683716, 2.0, -2.0, 1.4010000228881836, -2.4000000953674316, 5.284999847412109, 5.284999847412109, 0.0000000018626500342122654, 2.0, -2.200000047683716, -3.5989999771118164, -3.5989999771118164, 3.200000047683716, 1.2000000476837158, -1.399999976158142, -3.4000000953674316, -5.485000133514404, -5.482999801635742, -0.8034110069274902, -2.4000000953674316, 1.600000023841858, -2.4000000953674316, -3.609100103378296, 3.4000000953674316, 3.3989999294281006, 4.400000095367432, -3.506999969482422, -2.799999952316284, 2.5999999046325684, -0.20000000298023224, 1.399999976158142, -2.0, 2.0, -2.200000047683716, -4.0, 3.799999952316284, -0.20100000500679016, 4.251840114593506, -3.4000000953674316, -1.399999976158142, 2.200000047683716, 3.200000047683716, 4.401000022888184, -3.477530002593994, -3.500999927520752, -0.800000011920929, -2.4000000953674316, 2.200000047683716, -2.289789915084839, 2.0965700149536133, 1.621940016746521, 2.521899938583374, -2.716520071029663, -0.6852589845657349, -1.9773399829864504, 3.619999885559082, -3.816999912261963, -3.6659998893737793, -5.553999900817871, -5.552000045776367, -3.6640000343322754, -4.169000148773193, -4.113480091094971, 1.7999999523162842, 3.3002099990844727, -3.5980000495910645, -3.5969998836517334, -2.0, -0.000000007450580152834618, 2.0, -3.608390092849731, -3.608799934387207, 5.45665979385376, 1.2000000476837158, -1.399999976158142, 2.9032599925994873, -1.2815200090408323, 2.913180112838745, -1.2802499532699585, 5.50678014755249, 5.462299823760986], "count": 116,