{"list": [{"posX": [4.042019844055176], "posY": [0.0], "posZ": [-0.7899540066719055], "count": 1, "Rotation": [0.0], "categoryId": 398}, {"posX": [-4.138649940490723, 0.985450029373169, -5.400000095367432, 4.835390090942383, 0.800000011920929, 0.6352270245552063, 3.9305500984191895, -2.2355198860168457, 5.400000095367432], "posY": [0.000000007450580152834618, -0.000000007450580152834618, 0.000000007450580152834618, 0.0, -5.0, 3.950000047683716, -0.000000007450580152834618, -0.000000007450580152834618, 0.0], "posZ": [-2.896399974822998, -5.304590225219727, 1.7999999523162842, -2.8852899074554443, -4.874000072479248, -4.874000072479248, -4.874000072479248, -4.874000072479248, 1.7999999523162842], "count": 9, "Rotation": [1.570796966916033, 0.0, 1.570796966916033, -1.570796966916033, 0.0, 0.0, 0.0, 0.0, -1.570796966916033], "categoryId": 661}, {"posX": [-0.06816829741001129, -3.8748300075531006, 3.840800046920776, 3.935669898986816, -1.9848099946975708, 1.9505399465560913, 3.0, -1.1198899745941162, 0.6000000238418579, -1.1137200593948364, 1.9016200304031372, 3.0, 1.9052900075912476, 3.795010089874267, 3.788990020751953, -1.9490200281143188, -3.83814001083374, -3.8356800079345703, -1.9470100402832031, -4.566929817199707, -5.121829986572266, -5.270040035247803, -0.0000000009313230187046884, -0.20000000298023224, 1.7999999523162842, 3.6871399879455566, -1.7999999523162842, -3.691139936447144, -0.20000000298023224, -5.530610084533691, -5.3148698806762695, -1.9470000267028809, -0.03277749940752983, 5.400000095367432, 3.799999952316284, 0.800000011920929, 3.799999952316284, 1.9049999713897705, 0.008879169821739197, 3.8217499256134033, 3.688640117645264, 0.24696800112724304, 1.742799997329712, -1.7819900512695312, -0.05153270065784454, -4.589469909667969, -5.304379940032959, -5.593679904937744, 4.666039943695068, 3.829119920730591, 3.857100009918213, 2.3659400939941406, 4.698750019073486, 4.791510105133057, 4.629730224609375, 4.525879859924316, 4.800000190734863, 4.800000190734863, 5.400000095367432, 1.920390009880066, 1.7999999523162842, 5.400000095367432, 5.400000095367432, 5.400000095367432, 5.282199859619141, -3.688999891281128, -3.799999952316284, -3.799999952316284, -5.400000095367432, -5.400000095367432, -3.397589921951294, -3.823600053787231, -1.7999999523162842, 1.6942600011825562, -2.1463398933410645, 1.600000023841858, 1.6651300191879272, -2.200000047683716, 1.7999999523162842, 3.806580066680908, 3.799999952316284, 1.913699984550476, -0.2588770091533661, 3.882980108261109, -2.159440040588379, -0.268312007188797, -2.156980037689209, -4.062819957733154, 4.700290203094482, 0.8127650022506714, -2.0999999046325684, 3.799999952316284, 0.6000000238418579, 1.2000000476837158, 3.8949999809265137, 3.8954598903656006, 4.890820026397705, 4.887010097503662, 4.048910140991211, 4.050529956817627, 3.8020100593566895, -2.371419906616211, -2.3744900226593018, -4.219419956207275, -4.2150797843933105, -2.2571001052856445, -2.2578799724578857, -2.1480600833892822, 0.8915579915046692, 1.6027300357818604, 0.800000011920929, -5.296209812164307, -0.2604059875011444, -2.156559944152832, -3.996690034866333, -2.161360025405884, 1.9511100053787231, 3.8523900508880615, 3.849380016326904, 4.67411994934082, 1.0, 0.800000011920929, 0.22432200610637665, 1.370609998703003, 0.8188459873199463, -3.799999952316284, -3.799999952316284, -3.799999952316284, 4.0, 4.0, 4.0, -2.173340082168579, -3.2939999103546143, 3.1716699600219727, 0.5518730282783508, -2.194430112838745, 2.979840040206909, 1.0571999549865725], "posY": [0.0, 0.0, 0.0, 4.699999809265137, 0.000000014901200273698123, 0.0, 1.600000023841858, 1.600000023841858, 2.5, -1.5499999523162842, -1.5499999523162842, -1.5499999523162842, 1.600000023841858, 1.600000023841858, -1.5499999523162842, -1.5499999523162842, -1.5499999523162842, 1.600000023841858, 1.600000023841858, -1.899999976158142, -1.89900004863739, -1.8899999856948853, 3.0999999046325684, -2.859999895095825, -2.799999952316284, -2.799999952316284, -2.799999952316284, -2.799999952316284, -2.799999952316284, -1.89900004863739, -1.89900004863739, 3.0999999046325684, 4.199999809265137, 1.600000023841858, 1.600000023841858, -1.850000023841858, -1.5499999523162842, 3.0999999046325684, 4.199999809265137, -2.799999952316284, 0.0, 2.8499999046325684, 4.199999809265137, 4.199999809265137, 3.0999999046325684, 2.5199999809265137, 2.5199999809265137, 2.5199999809265137, -2.9600000381469727, -2.9600000381469727, -2.9600000381469727, -2.9600000381469727, 3.0999999046325684, 3.0999999046325684, 3.0999999046325684, 3.0999999046325684, 3.0999999046325684, 3.0999999046325684, -1.5499999523162842, -1.899999976158142, -2.799999952316284, 1.600000023841858, -1.5499999523162842, -2.0999999046325684, -2.799999952316284, 0.0, -1.5499999523162842, 1.600000023841858, -1.5499999523162842, 1.600000023841858, -1.899999976158142, -2.799999952316284, -2.799999952316284, -2.4200000762939453, 0.0, -2.799999952316284, -2.119999885559082, 2.9000000953674316, 2.859999895095825, -1.899999976158142, 0.0, -2.0999999046325684, -2.0999999046325684, -1.899999976158142, -1.899999976158142, -1.899999976158142, -1.899999976158142, -1.899999976158142, -1.899999976158142, -1.899999976158142, 1.0, 1.0, 3.799999952316284, -1.350000023841858, 2.299999952316284, -0.800000011920929, -0.800000011920929, 2.299999952316284, 2.299999952316284, -0.800000011920929, 0.0, -0.800000011920929, 2.299999952316284, -0.800000011920929, 2.299999952316284, -0.800000011920929, 2.299999952316284, 0.0, 2.950000047683716, 2.861000061035156, 4.070000171661377, -1.899999976158142, 4.5, 4.5, 4.5, 4.5, 4.5, 4.5, 4.5, 4.5, 4.5, 4.5, 4.599999904632568, 4.599999904632568, 4.599999904632568, 0.0, 0.0, 0.0, -0.000000007450580152834618, -0.000000007450580152834618, -0.000000007450580152834618, 4.699999809265137, 4.699999809265137, 4.699999809265137, 4.699999809265137, 4.699999809265137, 4.699999809265137, 4.699999809265137],